City,State,Type,Population [2011],Popuation [2001],Sex Ratio,Median Age,Avg Temp,SWM,Toilets Avl,Water Purity,H Index,Female Population,# of hospitals,Foreign Visitors,Rate For 10 Years(%)
Tuensang,Nagaland,T.C,"36,774",,931,23,10,MEDIUM,94,114,0.25339011,34237,17,2769,31.6182944
Lakshmeshwar,Karnataka,T.M.C,"36,754",,934,25,38,HIGH,62,160,0.192554894,34328,13,636502,31.5625
Zira,Punjab,M.Cl.,"36,732",,883,29,35,HIGH,63,105,0.887881636,32434,17,242367,16.88314771
Yawal,Maharashtra,M.Cl,"36,706",,887,26,31,HIGH,60,174,0.407838103,32558,11,4408916,16.88314771
Thana Bhawan,Uttar Pradesh,N.P.,"36,669",,877,28,39,LOW,92,153,0.324455947,32159,23,3104060,31.6
Ramdurg,Karnataka,UA,"36,649",,942,27,28,MEDIUM,92,185,0.571883406,34523,30,636502,29.21562
Pulgaon,Maharashtra,M.Cl,"36,522",,887,26,31,MEDIUM,72,108,0.271195356,32395,11,4408916,16.88314771
Sadasivpet,Telangana,M,"36,334",,921,27,40,LOW,70,116,0.494227395,33464,17,126078,29.33890396
Nargund,Karnataka,T.M.C,"36,291",,940,23,37,LOW,77,148,0.708562449,34114,21,636502,31.5625
Neem-Ka-Thana,Rajasthan,M,"36,231",,850,25,25,MEDIUM,61,148,0.592325261,30796,29,1475311,29.33890396
Memari,West Bengal,M,"36,207",,949,24,26,LOW,80,186,0.163501303,34360,26,1489500,29.33890396
Nilanga,Maharashtra,M.Cl,"36,172",,876,24,34,MEDIUM,59,120,0.514164793,31687,12,4408916,16.88314771
Naharlagun,Arunachal Pradesh,N.T,"36,158",,877,28,10,LOW,99,179,0.843362751,31711,26,5705,31.6
Pakaur,Jharkhand,M,"36,029",,898,29,30,MEDIUM,55,174,0.033436196,32354,26,167785,29.33890396
Wai,Maharashtra,M.Cl.,"36,025",,874,23,35,MEDIUM,96,104,0.15394433,31486,23,4408916,16.88314771
Tarikere,Karnataka,T.M.C.,"35,942",,942,29,28,MEDIUM,87,174,0.438503537,33857,28,636502,31.5625
Malavalli,Karnataka,T.M.C,"35,851",,943,25,38,LOW,53,105,0.846516232,33807,27,636502,31.5625
Raisen,Madhya Pradesh,M,"35,702",,930,26,39,MEDIUM,91,135,0.874450019,33203,19,421365,29.33890396
Lahar,Madhya Pradesh,N.P,"35,674",,932,24,40,LOW,81,194,0.119492173,33248,18,421365,31.6
Uravakonda,Andhra Pradesh,C.T,"35,565",,883,28,39,HIGH,73,164,0.663305574,31404,19,237854,31.6182944
Savanur,Karnataka,T.M.C,"35,563",,936,26,37,LOW,50,114,0.680044881,33287,20,636502,31.5625
Sirohi,Rajasthan,M,"35,544",,877,27,40,MEDIUM,96,112,0.347348096,31172,16,1475311,29.33890396
Udhampur,Jammu and Kashmir,UA,"35,507",,906,28,13,HIGH,50,158,0.725144805,32169,21,58568,29.21562
Umarga,Maharashtra,M.Cl,"35,477",,884,28,39,MEDIUM,95,188,0.865893932,31362,23,4408916,16.88314771
Pratapgarh,Rajasthan,M,"35,422",,853,23,39,LOW,94,153,0.53326174,30215,15,1475311,29.33890396
Lingsugur,Karnataka,T.M.C,"35,411",,932,28,34,MEDIUM,72,122,0.119616343,33003,12,636502,31.5625
Usilampatti,Tamil Nadu,M,"35,219",,919,29,25,HIGH,73,160,0.631296971,32366,10,4684707,29.33890396
Palia Kalan,Uttar Pradesh,M.B,"35,029",,869,25,29,MEDIUM,54,173,0.507960661,30440,28,3104060,31.6182944
Wokha,Nagaland,T.C.,"35,004",,929,23,10,HIGH,93,168,0.930509917,32519,10,2769,31.6182944
Rajpipla,Gujarat,M,"34,923",,868,29,38,LOW,76,150,0.046882051,30313,22,284973,29.33890396
Vijayapura,Karnataka,T.M.C.,"34,866",,923,23,33,LOW,50,175,0.831133053,32181,22,636502,31.5625
Rawatbhata,Rajasthan,M,"34,690",,861,27,35,LOW,97,146,0.134326402,29868,19,1475311,29.33890396
Sangaria,Rajasthan,M,"34,537",,854,23,34,MEDIUM,96,194,,,,,29.33890396
Paithan,Maharashtra,M.Cl,"34,518",,890,24,33,HIGH,69,144,0.640012039,30721,13,4408916,16.88314771
Rahuri,Maharashtra,M.Cl,"34,476",,870,28,34,LOW,96,179,0.074567444,29994,15,4408916,16.88314771
Patti,Punjab,M.Cl,"34,444",,886,28,38,LOW,73,128,0.412676801,30517,15,242367,16.88314771
Zaidpur,Uttar Pradesh,N.P,"34,443",,875,29,29,LOW,94,102,0.280359077,30138,21,3104060,31.6
Lalsot,Rajasthan,M,"34,363",,872,25,29,HIGH,55,166,0.976256033,29965,14,1475311,29.33890396
Maihar,Madhya Pradesh,M,"34,342",,931,24,38,MEDIUM,100,140,0.421284125,31972,20,421365,29.33890396
Degana,Rajasthan,M,"34,315",,862,24,31,LOW,77,110,0.045298831,29580,30,1475311,29.33890396
Vedaranyam,Tamil Nadu,M,"34,266",,907,24,31,LOW,72,181,0.555280408,31079,16,4684707,29.33890396
Nawapur,Maharashtra,M.Cl,"34,207",,891,23,28,LOW,63,156,0.183687708,30478,27,4408916,16.88314771
Solan,Himachal Pradesh,M.Cl,"34,206",,933,28,9,HIGH,73,133,0.939916743,31914,25,406108,16.88314771
Vapi,Gujarat,I.N.A,"34,162",,867,26,34,LOW,84,132,0.629763126,29618,28,284973,31.6182944
Almora,Uttarakhand,N.P.P,"34,122",,856,28,5,LOW,77,105,0.525229243,29208,30,105882,31.6182944
Sanawad,Madhya Pradesh,M,"34,114",,935,23,34,HIGH,71,124,0.131055746,31897,15,421365,29.33890396
Warisaliganj,Bihar,N.P.,"34,056",,908,25,27,HIGH,55,163,0.156386782,30923,11,923737,31.6
Revelganj,Bihar,M,"34,042",,910,25,32,HIGH,84,195,0.461268359,30978,28,923737,29.33890396
Sabalgarh,Madhya Pradesh,UA,"34,039",,921,25,32,HIGH,64,157,0.297786888,31350,13,421365,29.21562
Tuljapur,Maharashtra,M.Cl,"34,011",,877,26,32,MEDIUM,87,120,0.51318326,29828,21,4408916,16.88314771
Simdega,Jharkhand,N.A,"33,981",,892,25,35,HIGH,59,174,0.657260642,30311,17,167785,30.15263
Musabani,Jharkhand,C.T,"33,980",,899,29,34,MEDIUM,80,169,0.166364852,30548,11,167785,31.6182944
Kodungallur,Kerala,M,"33,935",,977,32,30,MEDIUM,69,171,0.806000437,33154,29,977479,29.33890396
Phulabani,Odisha,N.A.C,"33,890",,952,28,32,MEDIUM,89,130,0.536423013,32263,12,66971,31.6182944
Umreth,Gujarat,M,"33,762",,843,25,30,LOW,56,115,0.155328213,28461,23,284973,29.33890396
Narsipatnam,Andhra Pradesh,C.T,"33,757",,928,23,40,HIGH,96,144,0.990004637,31326,11,237854,31.6182944
Nautanwa,Uttar Pradesh,N.P.P,"33,753",,891,25,27,HIGH,61,180,0.791237699,30074,21,3104060,31.6182944
Rajgir,Bihar,N.A,"33,738",,917,25,28,LOW,61,197,0.061984062,30938,17,923737,30.15263
Yellandu,Telangana,M,"33,732",,933,24,35,LOW,75,177,0.599401438,31472,20,126078,29.33890396
Sathyamangalam,Tamil Nadu,M,"33,722",,907,26,35,LOW,65,166,0.777736557,30586,14,4684707,29.33890396
Pilibanga,Rajasthan,M,"33,608",,851,25,25,LOW,94,146,0.148548285,28600,19,1475311,29.33890396
Morshi,Maharashtra,M.Cl,"33,607",,878,25,26,LOW,77,194,0.883812076,29507,28,4408916,16.88314771
Pehowa,Haryana,M.C,"33,564",,841,23,27,HIGH,98,105,0.787616394,28227,11,303118,10.34585892
Sonepur,Bihar,N.A,"33,490",,903,25,34,LOW,85,199,0.996123145,30241,19,923737,30.15263
Pappinisseri,Kerala,C.T,"33,273",,968,29,39,HIGH,52,169,0.089999115,32208,26,977479,31.6182944
Zamania,Uttar Pradesh,N.P,"33,243",,876,25,38,LOW,76,152,0.356300402,29121,24,3104060,31.6
Mihijam,Jharkhand,N.A,"33,236",,897,29,26,HIGH,62,175,0.101872901,29813,30,167785,30.15263
Purna,Maharashtra,M.Cl,"33,225",,890,24,34,MEDIUM,74,,0.45769073,29570,28,4408916,16.88314771
"Shikarpur, Bulandshahr",Uttar Pradesh,M.B,"33,187",,870,27,38,MEDIUM,69,,0.734232762,28873,21,3104060,31.6182944
Umaria,Madhya Pradesh,M,"33,114",,925,23,35,HIGH,90,,0.804222438,30630,10,421365,29.33890396
Porsa,Madhya Pradesh,M,"33,103",,926,27,35,LOW,65,,0.743159585,30653,14,421365,29.33890396
Naugawan Sadat,Uttar Pradesh,N.P,"32,954",,864,29,33,LOW,97,,0.74802155,28472,30,3104060,31.6
Faizabad,Uttar Pradesh,M.B.,"32,905",,875,24,27,MEDIUM,60,176,0.319178198,28792,11,3104060,31.6182944
Manuguru,Telangana,C.T,"32,893",,920,29,36,HIGH,60,190,0.870386667,30262,19,126078,31.6182944
Ellenabad,Haryana,M.C.,"32,795",,834,27,39,MEDIUM,72,149,0.224511534,27351,24,303118,10.34585892
Udaipur,Tripura,M.Cl,"32,758",,963,24,10,HIGH,93,184,0.908530477,31546,10,34886,16.88314771
Pipar City,Rajasthan,M,"32,735",,875,27,36,LOW,95,104,0.008773442,28643,14,1475311,29.33890396
Nanjikottai,Tamil Nadu,C.T,"32,689",,908,25,36,LOW,59,156,0.22350053,29682,26,4684707,31.6182944
Taranagar,Rajasthan,M,"32,640",,869,25,36,LOW,71,192,0.077572471,28364,12,1475311,29.33890396
Yerraguntla,Andhra Pradesh,C.T,"32,574",,888,28,36,MEDIUM,94,149,0.95874537,28926,25,237854,31.6182944
Satana,Maharashtra,M.Cl,"32,561",,887,26,40,MEDIUM,85,133,0.692877683,28882,17,4408916,16.88314771
Sherghati,Bihar,N.A,"32,526",,915,26,38,LOW,92,134,0.178749855,29761,17,923737,30.15263
Sankeshwara,Karnataka,T.M.C,"32,511",,952,27,29,MEDIUM,50,136,0.856883556,30950,23,636502,31.5625
Madikeri,Karnataka,T.M.C,"32,496",,930,26,26,MEDIUM,62,159,0.19906045,30221,20,636502,31.5625
Thuraiyur,Tamil Nadu,M,"32,439",,916,24,39,LOW,64,189,0.896994386,29714,21,4684707,29.33890396
Sanand,Gujarat,M,"32,417",,844,24,27,LOW,88,144,0.7627146,27360,17,284973,29.33890396
Rajula,Gujarat,M,"32,395",,859,26,40,MEDIUM,53,121,0.000957436,27827,25,284973,29.33890396
Kyathampalle,Telangana,C.T,"32,385",,936,29,40,MEDIUM,71,144,0.22958566,30312,26,126078,31.6182944
"Shahabad, Rampur",Uttar Pradesh,N.P,"32,370",,873,26,35,HIGH,96,168,0.623890341,28259,23,3104060,31.6
Tilda Newra,Chhattisgarh,M,"32,331",,960,28,34,HIGH,95,143,0.273105381,31038,21,6394,29.33890396
Narsinghgarh,Madhya Pradesh,M,"32,329",,918,28,31,MEDIUM,74,143,0.064367204,29678,29,421365,29.33890396
Chittur-Thathamangalam,Kerala,M,"32,298",,979,29,26,MEDIUM,96,114,0.056063321,31620,28,977479,29.33890396
Malaj Khand,Madhya Pradesh,M,"32,296",,924,24,38,LOW,93,161,0.230870465,29842,15,421365,29.33890396
Sarangpur,Madhya Pradesh,M,"32,294",,925,26,30,HIGH,84,166,0.632794958,29872,21,421365,29.33890396
Robertsganj,Uttar Pradesh,M.B,"32,243",,889,28,26,HIGH,65,160,0.886790433,28664,22,3104060,31.6182944
Sirkali,Tamil Nadu,M,"32,228",,915,27,30,MEDIUM,96,142,0.681115923,29489,11,4684707,29.33890396
Radhanpur,Gujarat,M,"32,191",,850,28,31,LOW,77,114,0.401819868,27362,28,284973,29.33890396
Tiruchendur,Tamil Nadu,TP,"32,171",,923,27,29,MEDIUM,86,159,0.48928863,29694,10,4684707,31.6182944
Utraula,Uttar Pradesh,N.P.P.,"32,145",,871,26,35,LOW,73,185,0.937884533,27998,25,3104060,31.6182944
Patratu,Jharkhand,C.T,"32,134",,902,24,28,MEDIUM,58,102,0.349274295,28985,28,167785,31.6182944
"Vijainagar, Ajmer",Rajasthan,M,"32,124",,865,26,38,LOW,92,197,0.517617604,27787,23,1475311,29.33890396
Periyasemur,Tamil Nadu,T.P,"32,024",,910,25,30,HIGH,71,109,0.2452375,29142,13,4684707,31.6182944
Pathri,Maharashtra,M.Cl,"32,001",,873,26,37,MEDIUM,82,131,0.2599677,27937,25,4408916,16.88314771
Sadabad,Uttar Pradesh,N.P,"31,742",,862,28,25,LOW,79,124,0.257480684,27362,12,3104060,31.6
Talikota,Karnataka,T.M.C.,"31,693",,927,28,34,MEDIUM,63,184,0.759079118,29379,14,636502,31.5625
Sinnar,Maharashtra,M.Cl,"31,630",,869,24,29,MEDIUM,80,184,0.879254985,27486,28,4408916,16.88314771
Mungeli,Chhattisgarh,UA,"31,613",,958,26,30,LOW,92,161,0.926788887,30285,22,6394,29.21562
Sedam,Karnataka,T.M.C,"31,539",,954,23,33,HIGH,83,184,0.377848625,30088,20,636502,31.5625
Shikaripur,Karnataka,T.M.C,"31,516",,921,28,34,MEDIUM,97,175,0.408061612,29026,16,636502,31.5625
Sumerpur,Rajasthan,M,"31,482",,849,24,31,LOW,68,111,0.375854798,26728,21,1475311,29.33890396
Sattur,Tamil Nadu,M,"31,443",,908,23,26,LOW,55,132,0.241701574,28550,29,4684707,29.33890396
Sugauli,Bihar,N.A,"31,432",,910,29,27,LOW,91,129,0.715296258,28603,18,923737,30.15263
Lumding,Assam,M.B,"31,347",,899,24,15,MEDIUM,57,127,0.61316395,28181,22,24720,31.6182944
Vandavasi,Tamil Nadu,M,"31,320",,915,28,40,HIGH,76,100,0.747556534,28658,13,4684707,29.33890396
Titlagarh,Odisha,NAC,"31,258",,940,26,39,MEDIUM,53,114,0.770384147,29383,21,66971,31.6182944
Uchgaon,Maharashtra,C.T,"31,238",,885,24,29,HIGH,61,194,0.863615179,27646,28,4408916,31.6182944
Mokokchung,Nagaland,T.C,"31,214",,934,29,12,HIGH,66,164,0.854078811,29154,30,2769,31.6182944
Paschim Punropara,West Bengal,C.T,"31,198",,961,26,31,MEDIUM,66,139,0.195860731,29981,21,1489500,31.6182944
Sagwara,Rajasthan,M,"31,127",,854,27,38,LOW,98,193,0.539113557,26582,20,1475311,29.33890396
Ramganj Mandi,Rajasthan,M,"30,973",,873,26,25,LOW,55,194,0.684439518,27039,21,1475311,29.33890396
Tarakeswar,West Bengal,M,"30,947",,962,25,34,HIGH,56,155,0.535930981,29771,25,1489500,29.33890396
Mahalingapura,Karnataka,T.M.C,"30,858",,945,28,25,HIGH,85,116,0.00200121,29161,23,636502,31.5625
Dharmanagar,Tripura,M.Cl.,"30,785",,961,23,11,HIGH,89,167,0.884891746,29584,24,34886,16.88314771
Mahemdabad,Gujarat,M,"30,768",,843,25,38,MEDIUM,67,180,0.284738319,25937,28,284973,29.33890396
Manendragarh,Chhattisgarh,M,"30,758",,970,27,28,LOW,60,110,0.561244589,29835,15,6394,29.33890396
Banaganipalli,Andhra Pradesh,M,"30,554",,911,29,26,LOW,72,104,0.167975513,27835,23,237854,29.33890396
Uran,Maharashtra,M.Cl,"30,439",,893,26,37,HIGH,80,191,0.863460469,27182,22,4408916,16.88314771
Tharamangalam,Tamil Nadu,T.P,"30,222",,904,24,33,LOW,63,121,0.991963549,27321,19,4684707,31.6182944
Tirukkoyilur,Tamil Nadu,T.P,"30,212",,916,29,34,LOW,55,185,0.955083748,27674,23,4684707,31.6182944
Pen,Maharashtra,M.Cl,"30,201",,870,28,34,MEDIUM,84,138,0.47522504,26275,17,4408916,16.88314771
Mussoorie,Uttarakhand,N.P.P,"30,118",,840,23,5,MEDIUM,65,139,0.404008883,25299,28,105882,31.6182944
Makhdumpur,Bihar,N.A,"30,109",,910,28,25,LOW,59,106,0.69244125,27399,30,923737,30.15263
Maner Sharif,Bihar,N.A,"30,082",,908,28,38,MEDIUM,77,161,0.767021509,27314,10,923737,30.15263
Oddanchatram,Tamil Nadu,T.P,"30,064",,915,29,38,HIGH,92,140,0.237405445,27509,,,31.6182944
Palladam,Tamil Nadu,T.P,"30,016",,904,23,28,MEDIUM,81,138,0.646322503,27134,,,31.6182944
Mundi,Madhya Pradesh,N.P,"30,000",,920,29,37,MEDIUM,50,110,0.807263134,27600,19,421365,31.6
Sitarganj,Uttarakhand,N.P.P,"29,965",,853,29,5,HIGH,63,103,0.608057393,25560,10,105882,31.6182944
Nabarangapur,Odisha,M,"29,960",,951,25,32,HIGH,84,148,0.186489181,28492,24,66971,29.33890396
Mudalagi,Karnataka,T.M.C,"29,893",,927,27,28,HIGH,53,162,0.191994049,27711,22,636502,31.5625
Samalkha,Haryana,M.C,"29,866",,841,28,40,MEDIUM,69,119,0.895090623,25117,20,303118,10.34585892
Nepanagar,Madhya Pradesh,M,"29,682",,919,23,35,HIGH,92,197,0.431258423,27278,12,421365,29.33890396
Karjat,Maharashtra,M.Cl,"29,663",,869,26,36,LOW,56,180,0.30618375,25777,15,4408916,16.88314771
Ranavav,Gujarat,UA,"29,645",,853,29,29,MEDIUM,92,144,0.875300368,25287,12,284973,29.21562
Pedana,Andhra Pradesh,N.P,"29,613",,888,27,28,LOW,69,146,0.752379913,26296,14,237854,31.6
Lakheri,Rajasthan,M,"29,572",,863,29,36,HIGH,74,150,0.464070509,25521,20,1475311,29.33890396
Pasan,Madhya Pradesh,M,"29,565",,917,27,29,HIGH,54,200,0.668860742,27111,27,421365,29.33890396
Puttur,Andhra Pradesh,C.T,"29,436",,912,25,40,MEDIUM,50,100,0.91660188,26846,16,237854,31.6182944
Vadakkuvalliyur,Tamil Nadu,T.P.,"29,417",,906,23,36,HIGH,60,161,0.922988154,26652,11,4684707,31.6182944
Tirukalukundram,Tamil Nadu,T.P,"29,391",,903,26,35,MEDIUM,92,149,0.99990109,26540,25,4684707,31.6182944
Muvattupuzha,Kerala,M,"29,246",,970,32,34,LOW,100,188,0.924687252,28369,24,977479,29.33890396
Rasra,Uttar Pradesh,M.B,"29,238",,869,25,31,LOW,71,178,0.291018697,25408,14,3104060,31.6182944
Udaipurwati,Rajasthan,M,"29,236",,850,28,37,HIGH,79,121,0.527084556,24851,26,1475311,29.33890396
Manwath,Maharashtra,M.Cl,"29,218",,884,27,33,MEDIUM,57,172,0.258227759,25829,21,4408916,16.88314771
Adoor,Kerala,M,"29,171",,981,30,32,LOW,83,189,0.044800484,28617,15,977479,29.33890396
Uthamapalayam,Tamil Nadu,T.P,"29,050",,921,25,36,LOW,85,103,0.78284124,26755,26,4684707,31.6182944
Partur,Maharashtra,M.Cl,"29,012",,870,23,36,LOW,96,138,0.544401687,25240,24,4408916,16.88314771
Nahan,Himachal Pradesh,M.Cl,"28,899",,922,25,11,HIGH,61,124,0.362251853,26645,12,406108,16.88314771
Rajesultanpur,Uttar Pradesh,N.P,"28,890",,875,28,37,LOW,70,156,0.376093501,25279,19,3104060,31.6
Ladwa,Haryana,M.C,"28,887",,842,23,26,LOW,70,160,0.437568798,24323,19,303118,10.34585892
Kotdwar,Uttarakhand,N.P.P,"28,859",,831,24,9,HIGH,65,178,0.201476766,23982,21,105882,31.6182944
Mankachar,Assam,C.T,"28,780",,905,23,15,LOW,69,151,0.356781592,26046,23,24720,31.6182944
Nongstoin,Meghalaya,T.C,"28,742",,986,25,12,HIGH,99,117,0.008932245,28340,21,8027,31.6182944
Nedumbassery,Kerala,G.P,"28,607",,983,30,29,LOW,50,172,0.704448391,28121,11,977479,31.6182944
Losal,Rajasthan,M,"28,504",,874,26,28,LOW,91,149,0.959524556,24912,22,1475311,29.33890396
Ramngarh,Rajasthan,M,"28,458",,862,29,37,HIGH,90,133,0.787255431,24531,29,1475311,29.33890396
Mavelikkara,Kerala,M,"28,439",,979,29,38,LOW,94,111,0.25903268,27842,27,977479,29.33890396
Rawatsar,Rajasthan,M,"28,387",,849,24,31,LOW,98,119,0.359551556,24101,25,1475311,29.33890396
Rajakhera,Rajasthan,M,"28,349",,852,23,25,LOW,99,166,0.34971905,24153,15,1475311,29.33890396
Lar,Uttar Pradesh,N.P,"28,307",,888,28,33,MEDIUM,74,119,0.517605169,25137,20,3104060,31.6
Lal Gopalganj Nindaura,Uttar Pradesh,N.P,,,,,,,58,116,0.072043506,24752,22,3104060,31.6
Muddebihal,Karnataka,T.M.C,"28,219",,927,24,26,LOW,51,114,0.843223809,26159,17,636502,31.5625
Sirsaganj,Uttar Pradesh,UA,"28,212",,883,23,39,LOW,67,195,0.12812525,24911,28,3104060,29.21562
Shahpura,Rajasthan,M,"28,174",,859,26,26,HIGH,97,143,0.761804155,24201,13,1475311,29.33890396
Surandai,Tamil Nadu,T.P,"28,146",,923,29,27,MEDIUM,66,142,0.639503457,25979,26,4684707,31.6182944
Sangole,Maharashtra,M.Cl,"28,116",,883,28,26,MEDIUM,50,136,0.707942535,24826,28,4408916,16.88314771
Pavagada,Karnataka,T.P,"28,068",,922,27,25,HIGH,69,142,0.124008214,25879,16,636502,31.6182944
Tharad,Gujarat,M,"27,954",,863,25,25,LOW,62,100,0.899663767,24124,15,284973,29.33890396
Mansa,Gujarat,M,"27,922",,841,23,25,HIGH,75,165,0.84110098,23482,15,284973,29.33890396
Umargam,Gujarat,M,"27,859",,859,27,35,LOW,99,191,0.215475451,23931,27,284973,29.33890396
Mavoor,Kerala,C.T,"27,845",,976,31,32,HIGH,92,123,0.606172001,27177,26,977479,31.6182944
Nalbari,Assam,M.B,"27,839",,897,29,6,LOW,69,187,0.671846945,24972,15,24720,31.6182944
Talaja,Gujarat,M,"27,822",,852,25,39,HIGH,97,136,0.306028638,23704,10,284973,29.33890396
Malur,Karnataka,T.M.C,"27,815",,927,24,25,HIGH,88,146,0.961168305,25785,14,636502,31.5625
Mangrulpir,Maharashtra,M.Cl,"27,815",,870,24,40,LOW,74,189,0.269282539,24199,21,4408916,16.88314771
Soro,Odisha,N.A.C,"27,794",,959,28,26,MEDIUM,93,118,0.005859502,26654,17,66971,31.6182944
Shahpura,Rajasthan,M,"27,792",,864,23,25,LOW,69,182,0.24806212,24012,25,1475311,29.33890396
Vadnagar,Gujarat,M,"27,790",,861,23,38,MEDIUM,92,125,0.981149756,23927,11,284973,29.33890396
Chamba,Uttarakhand,N.P,"27,771",,837,26,10,HIGH,83,167,0.961131374,23244,15,105882,31.6
Raisinghnagar,Rajasthan,M,"27,736",,873,24,35,HIGH,96,124,0.938030898,24214,29,1475311,29.33890396
Sindhagi,Karnataka,T.M.C,,,,,,MEDIUM,94,139,0.398113827,25846,10,636502,31.5625
Sanduru,Karnataka,T.P,,,,,,HIGH,60,105,0.042092603,26095,20,636502,31.6182944
Sohna,Haryana,M.C,,,,,,HIGH,95,188,0.380379097,23021,15,303118,10.34585892
Manavadar,Gujarat,M,,,,,,HIGH,69,122,0.489085015,23236,21,284973,29.33890396
Pihani,Uttar Pradesh,M.B,"27,545",,891,27,29,MEDIUM,86,116,0.713976205,24543,29,3104060,31.6182944
Safidon,Haryana,M.C,"27,541",,823,28,27,LOW,95,200,0.120931176,22666,26,303118,10.34585892
Risod,Maharashtra,M.Cl,"27,516",,892,27,26,MEDIUM,77,170,0.273102549,24544,17,4408916,16.88314771
Rosera,Bihar,M,"27,492",,900,29,36,LOW,80,169,0.926833747,24743,15,923737,29.33890396
Sankari,Tamil Nadu,T.P,"27,454",,903,24,30,HIGH,85,155,0.951073779,24791,13,4684707,31.6182944
Malpura,Rajasthan,UA,"27,360",,852,25,35,LOW,99,192,0.312000643,23311,20,1475311,29.21562
Sonamukhi,West Bengal,M,"27,354",,953,28,32,MEDIUM,87,106,0.456952837,26068,27,1489500,29.33890396
Varandarappilly,Kerala,T.P,"27,343",,963,32,33,MEDIUM,100,129,0.975362942,26331,30,977479,31.6182944
"Shamsabad, Agra",Uttar Pradesh,M.B,"27,338",,868,28,38,MEDIUM,100,125,0.719481211,23729,14,3104060,31.6182944
Nokha,Bihar,N.P,"27,302",,905,28,37,HIGH,87,198,0.808538144,24708,18,923737,31.6
Pandua,West Bengal,C.T,"27,161",,952,23,26,LOW,52,107,0.249125998,25857,17,1489500,31.6182944
Mainaguri,West Bengal,C.T,"27,106",,961,23,31,MEDIUM,51,178,0.621257776,26049,21,1489500,31.6182944
Afzalpur,Karnataka,T.P.,"27,088",,947,27,26,HIGH,80,101,0.018711155,25652,16,636502,31.6182944
Bagepalli,Karnataka,T.M.C,"27,011",,950,27,30,LOW,90,146,0.470532408,25660,27,636502,31.5625
Shirur,Maharashtra,M.Cl,"26,999",,871,28,36,MEDIUM,91,108,0.376308343,23516,19,4408916,16.88314771
Salaya,Gujarat,M,"26,875",,846,23,39,HIGH,54,123,0.126436987,22736,28,284973,29.33890396
Shenkottai,Tamil Nadu,M,"26,838",,911,25,32,HIGH,64,110,0.293196091,24449,23,4684707,29.33890396
Pratapgarh,Tripura,C.T,"26,837",,968,25,11,LOW,97,128,0.185464979,25978,30,34886,31.6182944
Nagarkurnool,Telangana,C.T,"26,801",,924,25,35,LOW,93,125,0.462284726,24764,29,126078,31.6182944
Savner,Maharashtra,M.Cl,"26,712",,873,29,26,MEDIUM,75,140,0.584315584,23320,11,4408916,16.88314771
Sasvad,Maharashtra,M.Cl,"26,689",,883,23,36,HIGH,93,181,0.023704316,23566,24,4408916,16.88314771
Rudrapur,Uttar Pradesh,N.P,"26,683",,881,26,32,LOW,51,163,0.013035765,23508,11,3104060,31.6
Soron,Uttar Pradesh,M.B,"26,678",,882,27,28,HIGH,96,142,0.442667807,23530,18,3104060,31.6182944
Sholingur,Tamil Nadu,T.P,"26,652",,910,24,39,HIGH,59,185,0.403210338,24253,28,4684707,31.6182944
Pandharkaoda,Maharashtra,M.Cl,"26,572",,875,26,38,MEDIUM,100,189,0.040126703,23251,27,4408916,16.88314771
Perumbavoor,Kerala,M,"26,547",,969,28,27,MEDIUM,82,107,0.137535565,25724,26,977479,29.33890396
Maddur,Karnataka,T.M.C,"26,521",,950,27,37,LOW,76,115,0.702995701,25195,13,636502,31.5625
Nadbai,Rajasthan,M,"26,411",,848,26,37,HIGH,84,160,0.800340737,22397,20,1475311,29.33890396
Talode,Maharashtra,M.Cl,"26,363",,869,24,27,LOW,86,183,0.119723387,22909,16,4408916,16.88314771
Shrigonda,Maharashtra,M.Cl,"26,324",,893,24,34,HIGH,63,184,0.341957867,23507,27,4408916,16.88314771
Madhugiri,Karnataka,T.M.C,"26,304",,944,29,37,LOW,68,188,0.919895006,24831,21,636502,31.5625
Tekkalakote,Karnataka,T.P.,"26,224",,949,29,32,HIGH,52,165,0.973270459,24887,20,636502,31.6182944
Seoni-Malwa,Madhya Pradesh,M,"26,202",,912,24,32,LOW,67,171,0.176368309,23896,21,421365,29.33890396
Shirdi,Maharashtra,M.Cl,"26,184",,886,29,37,HIGH,78,178,0.896835855,23199,12,4408916,16.88314771
Suar,Uttar Pradesh,M.B,"26,149",,871,26,30,HIGH,50,186,0.220497947,22776,17,3104060,31.6182944
Terdal,Karnataka,T.M.C.,"26,088",,937,25,38,LOW,91,166,0.205592302,24444,24,636502,31.5625
Raver,Maharashtra,M.Cl,"25,993",,889,29,30,MEDIUM,90,175,0.13631551,23108,18,4408916,16.88314771
Tirupathur,Tamil Nadu,T.P,"25,980",,906,29,32,MEDIUM,88,142,0.772422487,23538,21,4684707,31.6182944
Taraori,Haryana,M.C.,"25,944",,843,24,37,MEDIUM,83,167,0.981000232,21871,23,303118,10.34585892
Mukhed,Maharashtra,M.Cl,"25,933",,893,23,37,LOW,65,175,0.529644449,23158,18,4408916,16.88314771
Manachanallur,Tamil Nadu,T.P,"25,931",,904,27,34,LOW,62,148,0.520946349,23442,10,4684707,31.6182944
Jaynagar Majilpur,West Bengal,M,"25,922",,955,29,28,LOW,94,136,0.698294346,24756,24,1489500,29.33890396
Rehli,Madhya Pradesh,M,"25,890",,926,26,35,MEDIUM,67,130,0.673090184,23974,19,421365,29.33890396
Sanchore,Rajasthan,M,"25,884",,877,29,34,MEDIUM,64,170,0.554153851,22700,13,1475311,29.33890396
Rajura,Maharashtra,M.Cl,"25,843",,880,23,26,MEDIUM,50,124,0.599396016,22742,20,4408916,16.88314771
Piro,Bihar,N.A,"25,811",,918,24,34,LOW,100,134,0.56079159,23694,21,923737,30.15263
Mudabidri,Karnataka,T.M.C,"25,713",,952,26,25,LOW,97,124,0.744295168,24479,26,636502,31.5625
Vadgaon Kasba,Maharashtra,M.Cl.,"25,651",,869,24,25,HIGH,54,162,0.324846551,22291,10,4408916,16.88314771
Nagar,Rajasthan,M,"25,572",,866,24,31,HIGH,97,189,0.316558251,22145,27,1475311,29.33890396
Vijapur,Gujarat,M,"25,558",,864,24,31,LOW,90,127,0.68854603,22082,12,284973,29.33890396
Viswanatham,Tamil Nadu,C.T,"25,555",,903,25,30,HIGH,56,109,0.982254656,23076,19,4684707,31.6182944
Bajpur,Uttarakhand,N.P.P,"25,524",,856,25,6,HIGH,89,113,0.353371413,21849,29,105882,31.6182944
Polur,Tamil Nadu,T.P,"25,505",,905,23,39,MEDIUM,62,106,0.468731192,23082,23,4684707,31.6182944
Panagudi,Tamil Nadu,T.P,"25,501",,901,25,37,HIGH,96,136,0.069276073,22976,21,4684707,31.6182944
Manawar,Madhya Pradesh,M,"25,467",,914,23,39,MEDIUM,76,165,0.466330833,23277,27,421365,29.33890396
Pauri,Uttarakhand,N.P.P,"25,440",,851,28,15,LOW,79,177,0.583384808,21649,21,105882,31.6182944
Samdhan,Uttar Pradesh,N.P,"25,327",,872,29,37,MEDIUM,97,172,0.727883342,22085,14,3104060,31.6
Pardi,Gujarat,M,"25,275",,849,25,29,HIGH,70,142,0.634787629,21458,16,284973,29.33890396
Rahatgarh,Madhya Pradesh,N.P,"25,215",,916,24,32,HIGH,100,161,0.329407337,23097,28,421365,31.6
Panagar,Madhya Pradesh,M,"25,199",,922,27,29,MEDIUM,98,188,0.750007452,23233,25,421365,29.33890396
Uthiramerur,Tamil Nadu,T.P,"25,194",,916,25,34,MEDIUM,57,198,0.373372924,23078,20,4684707,31.6182944
Tirora,Maharashtra,M.Cl,"25,181",,891,26,35,HIGH,87,183,0.103113337,22436,17,4408916,16.88314771
Rangiya,Assam,M.B,"25,151",,918,24,11,MEDIUM,56,198,0.630238193,23089,27,24720,31.6182944
Sahjanwa,Uttar Pradesh,N.P,"25,107",,876,28,36,LOW,67,152,0.443723099,21994,22,3104060,31.6
Wara Seoni,Madhya Pradesh,M,"25,103",,922,25,35,MEDIUM,55,148,0.800577974,23145,20,421365,29.33890396
Magadi,Karnataka,T.M.C,"25,031",,921,29,39,MEDIUM,76,194,0.692077504,23054,12,636502,31.5625
Rajgarh (Alwar),Rajasthan,M,"25,009",,868,29,35,LOW,93,146,0.34708263,21708,25,1475311,29.33890396
Rafiganj,Bihar,N.A,"24,992",,904,29,35,LOW,88,116,0.381655975,22593,25,923737,30.15263
Tarana,Madhya Pradesh,N.P,"24,908",,934,26,31,MEDIUM,73,152,0.118383526,23264,25,421365,31.6
Rampur Maniharan,Uttar Pradesh,N.P,"24,844",,870,28,26,MEDIUM,53,171,0.7748418,21614,22,3104060,31.6
Sheoganj,Rajasthan,M,"24,789",,849,23,27,MEDIUM,71,166,0.639281554,21046,25,1475311,29.33890396
Raikot,Punjab,M.Cl,"24,769",,871,29,35,HIGH,93,159,0.790835479,21574,22,242367,16.88314771
Sumerpur,Uttar Pradesh,N.P,"24,661",,861,29,33,LOW,91,192,0.863144905,21233,24,3104060,31.6
Navalgund,Karnataka,T.M.C,"24,613",,941,29,32,LOW,67,144,0.357480584,23161,21,636502,31.5625
Shahganj,Uttar Pradesh,M.B,"24,602",,862,25,28,HIGH,86,195,0.791445193,21207,22,3104060,31.6182944
Marhaura,Bihar,N.A,"24,548",,912,27,39,HIGH,84,200,0.388051287,22388,12,923737,30.15263
Tulsipur,Uttar Pradesh,N.P,"24,488",,870,24,29,MEDIUM,69,167,0.636025599,21305,12,3104060,31.6
Sadri,Rajasthan,M,"24,413",,872,28,39,MEDIUM,94,192,0.763239802,21288,19,1475311,29.33890396
Thiruthuraipoondi,Tamil Nadu,M,"24,404",,920,23,27,HIGH,71,150,0.54025693,22452,25,4684707,29.33890396
Shiggaon,Karnataka,T.P,"24,327",,944,26,32,LOW,96,110,0.961572484,22965,15,636502,31.6182944
Pallapatti,Tamil Nadu,C.T,"24,326",,903,29,34,MEDIUM,66,152,0.413422848,21966,17,4684707,31.6182944
Mahendragarh,Haryana,M.C,"24,323",,837,23,38,HIGH,67,130,0.005412634,20358,21,303118,10.34585892
Sausar,Madhya Pradesh,N.P,"24,312",,920,24,26,LOW,97,137,0.729831023,22367,15,421365,31.6
Ponneri,Tamil Nadu,T.P,"24,309",,913,27,31,MEDIUM,57,100,0.430948823,22194,24,4684707,31.6182944
Mahad,Maharashtra,M.Cl,"24,276",,888,28,27,LOW,74,132,0.227861966,21557,26,4408916,16.88314771
Lohardaga,Jharkhand,M.Cl,"24,125",,906,26,33,HIGH,54,131,0.599430489,21857,23,167785,16.88314771
Aluva,Kerala,M,"24,110",,961,32,40,MEDIUM,66,165,0.457492821,23170,14,977479,29.33890396
Tirwaganj,Uttar Pradesh,N.P,"24,082",,888,23,28,MEDIUM,64,126,0.066969863,21385,23,3104060,31.6
Margherita,Assam,C.T,"24,049",,904,26,5,MEDIUM,63,124,0.870374626,21740,14,24720,31.6182944
Tehri,Uttarakhand,N.P.P.,"24,014",,832,26,13,HIGH,85,178,0.534337414,19980,29,105882,31.6182944
Sundarnagar,Himachal Pradesh,M.Cl,"23,986",,934,25,10,MEDIUM,57,159,0.697694582,22403,20,406108,16.88314771
Rajgarh,Madhya Pradesh,N.P,"23,937",,928,26,31,LOW,67,131,0.229493729,22214,22,421365,31.6
Mangaldoi,Assam,M.B,"23,920",,920,23,15,LOW,86,151,0.243362316,22006,11,24720,31.6182944
Renigunta,Andhra Pradesh,C.T,"23,862",,875,23,33,HIGH,78,185,0.680517443,20879,23,237854,31.6182944
Longowal,Punjab,M.Cl,"23,851",,886,26,26,HIGH,85,170,0.331678706,21132,18,242367,16.88314771
Ratia,Haryana,M.C,"23,826",,827,29,37,MEDIUM,83,178,0.505385429,19704,23,303118,10.34585892
Lalgudi,Tamil Nadu,T.P,"23,740",,902,26,34,MEDIUM,59,127,0.110744687,21413,20,4684707,31.6182944
Shrirangapattana,Karnataka,T.M.C,"23,729",,935,28,25,LOW,80,136,0.581002515,22187,11,636502,31.5625
Niwari,Madhya Pradesh,N.P,"23,724",,914,24,35,HIGH,85,138,0.515546597,21684,26,421365,31.6
Natham,Tamil Nadu,T.P,"23,660",,910,26,40,LOW,92,143,0.444889381,21531,16,4684707,31.6182944
Unnamalaikadai,Tamil Nadu,T.P,"23,656",,902,26,40,HIGH,84,138,0.031456041,21338,28,4684707,31.6182944
Purquazi,Uttar Pradesh,UA,"23,599",,874,29,30,HIGH,86,162,0.336854654,20626,29,3104060,29.21562
"Shamsabad, Farrukhabad",Uttar Pradesh,N.P,"23,596",,861,27,35,MEDIUM,93,136,0.004338165,20316,28,3104060,31.6
Mirganj,Bihar,N.A,"23,576",,918,29,40,MEDIUM,95,190,0.399348727,21643,23,923737,30.15263
Todaraisingh,Rajasthan,M,"23,559",,867,25,26,HIGH,71,106,0.3710277,20426,12,1475311,29.33890396
Chengannur,Kerala,M,"23,456",,961,30,27,LOW,74,192,0.327111283,22541,16,977479,29.33890396
Warhapur,Uttar Pradesh,N.P.,"23,456",,879,28,25,LOW,61,130,0.319876064,20618,26,3104060,31.6
Rajam,Andhra Pradesh,C.T,"23,424",,925,24,31,LOW,58,178,0.814438861,21667,24,237854,31.6182944
Urmar Tanda,Punjab,M.Cl,"23,419",,873,24,34,MEDIUM,50,176,0.937625067,20445,17,242367,16.88314771
Lonar,Maharashtra,M.Cl,"23,416",,890,28,30,HIGH,57,159,0.372535143,20840,10,4408916,16.88314771
Powayan,Uttar Pradesh,N.P,"23,406",,867,29,38,HIGH,89,200,0.529034372,20293,29,3104060,31.6
vasudevanallur,Tamil Nadu,T.P,"23,350",,901,26,39,LOW,75,132,0.104553764,21038,19,4684707,31.6182944
Palampur,Himachal Pradesh,T.P,"23,331",,927,24,12,LOW,95,170,0.366939451,21628,24,406108,31.6182944
P.N.Patti,Tamil Nadu,T.P,"23,331",,919,23,30,LOW,65,107,0.314114695,21441,12,4684707,31.6182944
Srisailam (RFC) Township,Andhra Pradesh,C.T,"23,273",,919,26,37,LOW,57,135,0.088144166,21388,16,237854,31.6182944
Sindagi,Karnataka,T.M.C.,"23,234",,951,28,33,LOW,87,186,0.132595004,22096,19,636502,31.5625
Vaikom,Kerala,M,"23,234",,976,30,34,HIGH,57,114,0.692892166,22676,11,977479,29.33890396
Sandi,Uttar Pradesh,M.B,"23,234",,876,25,36,MEDIUM,61,149,0.615928317,20353,27,3104060,31.6182944
Malda,West Bengal,M,"23,218",,950,28,26,MEDIUM,62,116,0.469556061,22057,26,1489500,29.33890396
Tharangambadi,Tamil Nadu,T.P,"23,191",,913,28,38,LOW,71,193,0.32748737,21173,13,4684707,31.6182944
Sakaleshapura,Karnataka,T.M.C,"23,176",,954,23,31,MEDIUM,53,156,0.709130286,22110,27,636502,31.5625
Malkangiri,Odisha,N.A.C,"23,114",,944,24,27,LOW,81,108,0.531491998,21820,12,66971,31.6182944
Rapar,Gujarat,M,"23,057",,862,28,35,LOW,90,181,0.121426068,19875,20,284973,29.33890396
Mauganj,Madhya Pradesh,N.P,"23,024",,915,25,33,MEDIUM,90,117,0.879990317,21067,29,421365,31.6
Todabhim,Rajasthan,M,"22,977",,875,27,34,LOW,91,123,0.839422697,20105,24,1475311,29.33890396
Srinivaspur,Karnataka,T.P,"22,959",,952,24,27,MEDIUM,86,110,0.302396514,21857,26,636502,31.6182944
Murliganj,Bihar,N.A,"22,936",,907,25,40,HIGH,70,181,0.626731434,20803,12,923737,30.15263
Reengus,Rajasthan,M,"22,932",,868,24,28,MEDIUM,68,174,0.460703273,19905,24,1475311,29.33890396
Sawantwadi,Maharashtra,M.Cl,"22,901",,887,23,29,LOW,64,120,0.778885622,20313,27,4408916,16.88314771
Tittakudi,Tamil Nadu,T.P,"22,894",,902,25,26,MEDIUM,64,192,0.456487599,20650,16,4684707,31.6182944
Lilong,Manipur,N.P,"22,888",,985,24,15,LOW,52,112,0.211682226,22545,16,3260,31.6
Rajaldesar,Rajasthan,M,"22,836",,863,27,39,HIGH,82,193,0.664650052,19707,24,1475311,29.33890396
Pathardi,Maharashtra,M.Cl,"22,827",,874,23,29,LOW,69,163,0.595923998,19951,16,4408916,16.88314771
Pacode,Tamil Nadu,T.P,"22,781",,901,25,35,LOW,57,187,0.303654686,20526,16,4684707,31.6182944
Achhnera,Uttar Pradesh,N.P.,"22,781",,867,23,34,HIGH,68,170,0.668778016,19751,24,3104060,31.6
Naraura,Uttar Pradesh,N.P,"22,775",,880,29,30,MEDIUM,94,141,0.28844566,20042,14,3104060,31.6
Nakur,Uttar Pradesh,N.P.P,"22,712",,861,23,32,LOW,86,109,0.540116277,19555,18,3104060,31.6182944
Palai,Kerala,M,"22,640",,982,32,28,HIGH,92,136,0.584469304,22232,25,977479,29.33890396
"Morinda, India",Punjab,M.Cl,"22,635",,892,23,40,LOW,95,136,0.769497679,20190,28,242367,16.88314771
Manasa,Madhya Pradesh,N.P,"22,623",,915,23,27,MEDIUM,51,141,0.926696544,20700,18,421365,31.6
Nainpur,Madhya Pradesh,M,"22,607",,919,23,35,MEDIUM,58,133,0.861180621,20776,18,421365,29.33890396
Sahaspur,Uttar Pradesh,N.P,"22,606",,866,27,35,HIGH,74,143,0.549063946,19577,25,3104060,31.6
Pauni,Maharashtra,M.Cl,"22,587",,881,23,29,LOW,,,,,,,16.88314771
Prithvipur,Madhya Pradesh,N.P,"22,535",,929,26,34,MEDIUM,,,,,,,31.6
Silapathar,Assam,T.C,"22,516",,887,26,7,LOW,,,,,,,31.6182944
Ramtek,Maharashtra,M.Cl,"22,516",,885,25,28,LOW,,,,,,,16.88314771
Songadh,Gujarat,M,"22,431",,849,26,33,HIGH,69,105,0.294857705,19044,11,284973,29.33890396
Safipur,Uttar Pradesh,N.P,"22,378",,869,23,40,HIGH,76,176,0.683724002,19446,18,3104060,31.6
Sohagpur,Madhya Pradesh,N.P,"22,339",,917,26,33,HIGH,97,163,0.647654841,20485,24,421365,31.6
Mul,Maharashtra,M.Cl,"22,330",,889,28,38,HIGH,97,144,0.826619855,19851,19,4408916,16.88314771
Sadulshahar,Rajasthan,M,"22,326",,877,23,39,HIGH,90,174,0.500929724,19580,12,1475311,29.33890396
Phillaur,Punjab,M.Cl,"22,302",,882,27,28,MEDIUM,72,105,0.274588316,19670,20,242367,16.88314771
Sambhar,Rajasthan,M,"22,293",,875,28,39,MEDIUM,53,172,0.327286323,19506,16,1475311,29.33890396
Prantij,Rajasthan,M,"22,282",,870,24,36,MEDIUM,61,137,0.738957129,19385,19,1475311,29.33890396
Nagla,Uttarakhand,C.T,"22,258",,854,27,9,HIGH,99,174,0.423261423,19008,22,105882,31.6182944
Pattran,Punjab,N.P,"22,175",,893,29,36,LOW,64,180,0.670829693,19802,24,242367,31.6
Mount Abu,Rajasthan,M,"22,152",,868,28,37,LOW,50,184,0.161791105,19228,16,1475311,29.33890396
Reoti,Uttar Pradesh,N.P,"22,082",,868,29,38,LOW,73,103,0.859640708,19167,13,3104060,31.6
Tenu dam-cum-Kathhara,Jharkhand,C.T.,"22,080",,896,26,31,LOW,95,138,0.941996492,19784,14,167785,31.6182944
Panchla,West Bengal,C.T,"22,051",,949,23,34,HIGH,89,127,0.521809151,20926,22,1489500,31.6182944
Pasighat,Arunachal Pradesh,C.T,"21,965",,886,28,15,HIGH,51,147,0.727212468,19461,18,5705,31.6182944
Motipur,Bihar,N.A,"21,957",,910,29,34,HIGH,72,124,0.123413965,19981,13,923737,30.15263
O' Valley,Tamil Nadu,T.P,"21,943",,923,25,38,LOW,67,164,0.240932262,20253,12,4684707,31.6182944
Raghunathpur,West Bengal,M,"21,932",,948,28,35,HIGH,90,172,0.718729799,20792,30,1489500,29.33890396
Suriyampalayam,Tamil Nadu,T.P,"21,923",,910,29,35,LOW,58,103,0.329929461,19950,22,4684707,31.6182944
Qadian,Punjab,M.Cl.,"21,899",,887,29,40,HIGH,52,126,0.967938075,19424,23,242367,16.88314771
Silvassa,Dadra and Nagar Haveli,C.T,"21,893",,774,25,,MEDIUM,98,135,0.770053926,16945,22,1797,31.6182944
Nowrozabad (Khodargama),Madhya Pradesh,N.P,"21,883",,935,27,32,LOW,89,122,0.894538329,20461,28,421365,31.6
Mangrol,Rajasthan,M,"21,842",,874,27,32,LOW,87,160,0.067891921,19090,20,1475311,29.33890396
Soyagaon,Maharashtra,C.T,"21,819",,871,25,36,MEDIUM,57,190,0.589810224,19004,21,4408916,31.6182944
Sujanpur,Punjab,M.Cl,"21,815",,868,28,25,HIGH,70,179,0.546349615,18935,22,242367,16.88314771
Manihari,Bihar,N.A,"21,803",,919,26,39,LOW,72,179,0.859941709,20037,16,923737,30.15263
Sikanderpur,Uttar Pradesh,N.P,"21,783",,882,23,31,HIGH,59,152,0.995260046,19213,26,3104060,31.6
Laksar,Uttarakhand,N.P,"21,760",,851,27,8,HIGH,75,198,0.593211221,18518,13,105882,31.6
Mangalvedhe,Maharashtra,M.Cl,"21,706",,874,23,26,HIGH,69,158,0.208337858,18971,25,4408916,16.88314771
Ron,Karnataka,T.P,"21,643",,950,25,39,MEDIUM,75,160,0.886713607,20561,21,636502,31.6182944
Phulera,Rajasthan,M,"21,643",,865,26,31,HIGH,84,110,0.1547104,18721,29,1475311,29.33890396
Sholavandan,Tamil Nadu,T.P,"21,638",,917,28,39,MEDIUM,94,154,0.112537823,19842,12,4684707,31.6182944
Saidpur,Uttar Pradesh,N.P,"21,568",,863,28,31,MEDIUM,99,162,0.083934717,18613,28,3104060,31.6
Shamgarh,Madhya Pradesh,N.P,"21,507",,919,28,29,MEDIUM,80,172,0.403033013,19765,17,421365,31.6
Thammampatti,Tamil Nadu,T.P.,"21,503",,920,23,38,MEDIUM,63,184,0.849863867,19783,18,4684707,31.6182944
Maharajpur,Madhya Pradesh,NP,"21,490",,928,29,25,HIGH,63,154,0.576863238,19943,22,421365,31.6
Chamoli Gopeshwar,Uttarakhand,N.P.P,"21,447",,849,29,8,MEDIUM,85,115,0.061014049,18209,15,105882,31.6182944
Multai,Madhya Pradesh,N.P,"21,423",,924,23,34,MEDIUM,59,100,0.106305476,19795,21,421365,31.6
Mukerian,Punjab,M.Cl,"21,384",,868,26,39,LOW,73,173,0.55980753,18561,13,242367,16.88314771
Sirsi,Uttar Pradesh,N.P,"21,373",,864,25,30,LOW,97,181,0.382925892,18466,18,3104060,31.6
Purwa,Uttar Pradesh,N.P,"21,271",,872,24,32,MEDIUM,73,167,0.931540922,18548,11,3104060,31.6
Sheohar,Bihar,N.A,"21,262",,922,24,25,LOW,98,116,0.622360371,19604,14,923737,30.15263
Namagiripettai,Tamil Nadu,T.P,"21,250",,909,28,30,LOW,92,144,0.194202928,19316,21,4684707,31.6182944
Parasi,Uttar Pradesh,C.T,"21,206",,877,28,35,HIGH,97,157,0.075328416,18598,12,3104060,31.6182944
Lathi,Gujarat,M,"21,173",,868,27,26,LOW,66,160,0.258091639,18378,17,284973,29.33890396
Lalganj,Uttar Pradesh,N.P,"21,142",,874,25,28,MEDIUM,78,180,0.933217606,18478,30,3104060,31.6
Narkhed,Maharashtra,M.Cl,"21,127",,887,26,37,MEDIUM,95,168,0.838190157,18740,28,4408916,16.88314771
Mathabhanga,West Bengal,M,"21,107",,944,29,38,HIGH,91,171,0.283681944,19925,28,1489500,29.33890396
Shendurjana,Maharashtra,M.Cl,"21,083",,890,29,29,LOW,91,134,0.58230547,18764,20,4408916,16.88314771
Peravurani,Tamil Nadu,T.P,"21,045",,903,24,25,HIGH,97,137,0.263345689,19004,10,4684707,31.6182944
Mariani,Assam,T.C,"20,997",,880,26,14,HIGH,57,189,0.638315847,18477,20,24720,31.6182944
Phulpur,Uttar Pradesh,N.P,"20,986",,863,29,32,HIGH,69,134,0.072466673,18111,24,3104060,31.6
Rania,Haryana,M.C,"20,961",,838,25,33,LOW,79,106,0.497652683,17565,12,303118,10.34585892
Pali,Rajasthan,M,"20,942",,875,23,38,LOW,71,114,0.57147568,18324,28,1475311,29.33890396
Pachore,Madhya Pradesh,N.P,"20,939",,922,25,27,MEDIUM,74,159,0.550057386,19306,19,421365,31.6
Parangipettai,Tamil Nadu,T.P,"20,912",,909,26,37,HIGH,80,199,0.316806239,19009,29,4684707,31.6182944
Pudupattinam,Tamil Nadu,C.T,"20,901",,904,24,25,LOW,70,197,0.522633427,18895,29,4684707,31.6182944
Panniyannur,Kerala,C.T,"20,863",,975,30,26,HIGH,64,131,0.054454332,20341,13,977479,31.6182944
Maharajganj,Bihar,N.A,"20,860",,926,,,,,167,0.381229796,19316,29,923737,30.15263
Rau,Madhya Pradesh,N.P,"20,855",,916,,,,,166,0.915795182,19103,16,421365,31.6
Monoharpur,West Bengal,C.T,"20,846",,947,,,,,168,0.57114302,19741,18,1489500,31.6182944
Mandawa,Rajasthan,M,"20,830",,852,,,,,194,0.071835526,17747,29,1475311,29.33890396
Marigaon,Assam,T.C,"20,811",,919,,,,,149,0.417104654,19125,18,24720,31.6182944
Pallikonda,Tamil Nadu,T.P,"20,771",,906,,,,,199,0.846348167,18819,15,4684707,31.6182944
Pindwara,Rajasthan,M,"20,765",,859,,,,,151,0.482731753,17837,11,1475311,29.33890396
Shishgarh,Uttar Pradesh,N.P,"20,684",,891,,,,,190,0.072450387,18429,13,3104060,31.6
Charthaval,Uttar Pradesh,N.P.,"20,653",,869,28,32,HIGH,59,184,0.815630894,17947,30,3104060,31.6
Patur,Maharashtra,M.Cl,"20,538",,883,29,28,MEDIUM,93,177,0.977047849,18135,23,4408916,16.88314771
Mayang Imphal,Manipur,N.P,"20,532",,991,24,10,LOW,82,175,0.611117226,20347,15,3260,31.6
Mhowgaon,Madhya Pradesh,N.P,"20,523",,929,28,33,MEDIUM,76,115,0.453887095,19066,15,421365,31.6
Guruvayoor,Kerala,M,"20,510",,976,31,25,LOW,60,108,0.670410104,20018,18,977479,29.33890396
Mhaswad,Maharashtra,M.Cl,"20,500",,893,24,26,HIGH,73,120,0.285309537,18307,25,4408916,16.88314771
Sahawar,Uttar Pradesh,N.P,"20,470",,890,28,35,HIGH,55,154,0.575762666,18218,12,3104060,31.6
Sivagiri,Tamil Nadu,T.P,"20,380",,902,24,37,MEDIUM,63,171,0.566496713,18383,14,4684707,31.6182944
Mundargi,Karnataka,T.P,"20,363",,939,25,26,MEDIUM,74,122,0.496444809,19121,20,636502,31.6182944
Punjaipugalur,Tamil Nadu,T.P,"20,309",,913,26,35,HIGH,65,168,0.577611215,18542,21,4684707,31.6182944
Kailasahar,Tripura,N.P,"20,279",,963,25,12,LOW,71,126,0.501646972,19529,30,34886,31.6
Samthar,Uttar Pradesh,M.B,"20,217",,879,27,35,LOW,53,158,0.917354503,17771,10,3104060,31.6182944
Sakti,Chhattisgarh,N.P,"20,213",,972,25,38,MEDIUM,94,178,0.459131023,19647,19,6394,31.6
Silao,Bihar,N.A,"20,177",,905,24,35,MEDIUM,88,118,0.408946817,18260,14,923737,30.15263
Mandalgarh,Rajasthan,M,"20,169",,863,29,33,LOW,99,170,0.644357211,17406,21,1475311,29.33890396
Loha,Maharashtra,M.Cl,"20,148",,893,28,27,LOW,80,112,0.94474566,17992,17,4408916,16.88314771
"Srinagar, Uttarakhand",Uttarakhand,N.P.P,"20,115",,835,24,5,LOW,57,110,0.135725173,16796,30,105882,31.6182944
Pukhrayan,Uttar Pradesh,M.B,"20,107",,876,24,38,LOW,80,158,0.441857609,17614,23,3104060,31.6182944
Padmanabhapuram,Tamil Nadu,M,"20,075",,910,27,34,LOW,52,172,0.931500982,18268,29,4684707,29.33890396
Belonia,Tripura,M.Cl,"19,996",,977,24,9,HIGH,97,117,0.90216099,19536,13,34886,16.88314771
Bhusawar,Rajasthan,M,"19,980",,865,27,27,MEDIUM,94,104,0.484089463,17283,19,1475311,29.33890396
Saiha,Mizoram,N.T,"19,731",,980,29,14,MEDIUM,100,104,0.747794473,19336,24,798,31.6
Inkollu,Andhra pradesh,M&F,"19,600",,910,25,27,LOW,79,134,0.921141833,17836,27,237854,
Srirampore,West Bengal,,"19,500",,953,24,37,HIGH,62,175,0.157481049,18584,30,1489500,
Talwara,Punjab,C.T,"19,485",,874,29,33,LOW,91,117,0.614656498,17030,19,242367,31.6182944
Gadarpur,Uttarakhand,N.P.P,"19,301",,834,27,12,MEDIUM,74,144,0.431862624,16097,28,105882,31.6182944
Sarsawa,Uttar Pradesh,M.Cl,"18,956",,865,29,25,HIGH,69,177,0.298435662,16397,26,3104060,16.88314771
Puthuppally,Kerala,M,"18,850",,964,29,39,MEDIUM,71,121,0.751518712,18171,25,977479,29.33890396
Khowai,Tripura,M.Cl,"18,526",,967,29,13,LOW,69,101,0.069125614,17915,12,34886,16.88314771
Landhaura,Uttarakhand,N.P,"18,370",,846,27,5,HIGH,94,187,0.644472775,15541,28,105882,31.6
Tanakpur,Uttarakhand,N.P.P,"17,626",,836,27,7,LOW,82,166,0.318938115,14735,14,105882,31.6182944
Uttarkashi,Uttarakhand,N.P.P.,"17,475",,831,26,14,HIGH,100,118,0.159492812,14522,30,105882,31.6182944
Vijaypur,Madhya Pradesh,N.P.,"16,964",,916,24,34,HIGH,92,197,0.530098751,15539,15,421365,31.6
Takhatgarh,Rajasthan,M,"16,729",,876,24,34,LOW,63,133,0.023824115,14655,18,1475311,29.33890396
Joshimath,Uttarakhand,N.P.P,"16,709",,834,25,6,MEDIUM,88,127,0.624187688,13935,24,105882,31.6182944
Owk,Andhra Pradesh,C.T,"16,677",,897,27,40,LOW,52,178,0.065535013,14959,26,237854,31.6182944
Khatima,Uttarakhand,N.P.P,"15,093",,842,25,14,MEDIUM,82,150,0.379081145,12708,19,105882,31.6182944
Thirupuvanam,Tamil Nadu,T.P,"14,989",,908,25,38,HIGH,95,174,0.45141125,13610,19,4684707,31.6182944
Adra,West Bengal,C.T.,"14,956",,948,24,31,LOW,84,151,0.991307235,14178,28,1489500,31.6182944
Piriyapatna,Karnataka,CT,"14,924",,951,28,29,MEDIUM,71,189,0.641770446,14193,23,636502,31.6182944
Obra,Uttar Pradesh,N.P,"14,786",,876,26,39,HIGH,58,199,0.552596894,12953,12,3104060,31.6
Vikasnagar,Uttarakhand,N.P.P.,"13,927",,844,27,8,LOW,99,114,0.965423249,11754,12,105882,31.6182944
Amaravathi,Andhra Pradesh,G.P.,"13,400",,917,25,25,LOW,83,115,0.963602135,12288,10,237854,31.6182944
Khanda,Haryana,M,"12,715",,831,27,36,MEDIUM,94,137,0.022105745,10566,23,303118,29.33890396
Mahua Kheraganj,Uttarakhand,N.P,"12,584",,838,26,8,LOW,54,175,0.997322788,10545,22,105882,31.6
Talbehat,Uttar Pradesh,M,"12,000",,879,25,34,LOW,78,166,0.896295779,10548,18,3104060,29.33890396
Adalaj,Gujarat,C.T.,"11,957",,867,26,30,HIGH,64,157,0.508474758,10367,11,284973,31.6182944
Nandgaon,Maharashtra,N.P,"11,517",,884,25,29,MEDIUM,53,198,0.323903259,10181,15,4408916,31.6
Bagha Kusmar,Bihar,C.T.,"11,380",,907,26,27,HIGH,81,197,0.792934488,10322,25,923737,31.6182944
Dineshpur,Uttarakhand,N.P,"11,343",,831,23,8,HIGH,51,180,0.870182736,9426,11,105882,31.6
Jhabrera,Uttarakhand,N.P,"11,186",,849,26,15,HIGH,98,185,0.268574513,9497,18,105882,31.6
Kela Khera,Uttarakhand,N.P,"10,929",,856,27,14,MEDIUM,66,139,0.584818576,9355,20,105882,31.6
Muni Ki Reti,Uttarakhand,N.P,"10,620",,836,26,12,LOW,80,144,0.165805188,8878,27,105882,31.6
Chhapra,Gujarat,C.T,"10,147",,847,24,30,MEDIUM,52,133,0.126519038,8595,10,284973,31.6182944
Panamattom,Kerala,N.A,"10,032",,975,29,39,HIGH,95,114,0.686054029,9781,16,977479,30.15263
Gavaravaram,Andhra Pradesh,C.T,"10,029",,890,29,26,MEDIUM,52,181,0.003805058,8926,16,237854,31.6182944
Sultanpur,Uttarakhand,N.P,"9,881",,848,23,11,MEDIUM,17,147,0.305161862,8379,3,105882,31.6
Herbertpur,Uttarakhand,N.P,"9,782",,831,29,12,HIGH,18,136,0.265966787,8129,4,105882,31.6
Rudraprayag,Uttarakhand,N.P.P,"9,313",,854,25,8,LOW,14,146,0.823522757,7953,8,105882,31.6182944
Niwai,Rajasthan,N.P,"9,205",,860,26,37,MEDIUM,18,100,0.63898617,7916,5,1475311,31.6
Bageshwar,Uttarakhand,N.P.P,"9,079",,840,24,15,HIGH,10,139,0.654207495,7626,5,105882,31.6182944
Gochar,Uttarakhand,N.P,"8,864",,854,24,9,MEDIUM,13,122,0.770877852,7570,4,105882,31.6
Doiwala,Uttarakhand,N.P,"8,709",,835,27,10,MEDIUM,15,168,0.622420907,7272,5,105882,31.6
Tarbha,Odisha,N.A.C.,"8,334",,957,26,28,HIGH,12,198,0.436318557,7976,7,66971,31.6182944
Karnaprayag,Uttarakhand,N.P,"8,297",,845,25,15,HIGH,20,177,0.174632116,7011,6,105882,31.6
Sanivarapupeta,Andhra Pradesh,C.T,"8,142",,889,24,39,LOW,18,165,0.605191865,7238,5,237854,31.6182944
Lohaghat,Uttarakhand,N.P,"7,926",,843,23,11,LOW,,,,,,,31.6
Bhimtal,Uttarakhand,N.P,"7,722",,841,27,8,HIGH,,,,,,,31.6
Lalkuan,Uttarakhand,N.P,"7,644",,846,28,8,HIGH,,,,,,,31.6
Kaladhungi,Uttarakhand,N.P,"7,611",,842,25,14,MEDIUM,,,,,,,31.6
Naura,Punjab,,"7,500",,881,23,38,HIGH,,,,,,,
Mahua Dabra Haripura,Uttarakhand,N.P,"7,326",,833,27,15,LOW,,,,,,,31.6
Chandpara,West Bengal,C.T,"7,113",,950,29,35,LOW,,,,,,,31.6182944
Dharchula,Uttarakhand,N.P,"7,039",,833,26,13,LOW,,,,,,,31.6
Adyar,Karnataka,C.T.,"7,034",,928,29,29,LOW,,,,,,,31.6182944
Narsinghgarh,Madhya Pradesh,C.T,"6,735",,914,24,33,HIGH,,,,,,,31.6182944
Barkot,Uttarakhand,N.P,"6,720",,841,29,15,MEDIUM,20,198,0.404887263,5652,3,105882,31.6
Didihat,Uttarakhand,N.P,"6,522",,837,26,5,LOW,11,140,0.919771444,5459,3,105882,31.6
Satrampadu,Andhra Pradesh,C.T.,"6,393",,924,29,28,MEDIUM,12,160,0.241490006,5907,4,237854,31.6182944
Warud,Maharashtra,M.Cl.,"6,386",,889,23,35,MEDIUM,15,100,0.11005958,5677,8,4408916,16.88314771
Asarganj,Bihar,C.T.,"6,327",,923,28,34,LOW,12,154,0.546061454,5840,4,923737,31.6182944
Bhowali,Uttarakhand,N.P.P,"6,309",,857,26,13,LOW,14,110,0.097943769,5407,5,105882,31.6182944
Shaktigarh,Uttarakhand,N.P,"6,309",,853,28,7,HIGH,19,176,0.062105641,5382,5,105882,31.6
Narendranagar,Uttarakhand,N.P.P,"6,049",,851,24,14,HIGH,18,186,0.7260257,5148,4,105882,31.6182944
Champawat,Uttarakhand,N.P,"4,801",,836,24,12,MEDIUM,10,163,0.135388653,4014,7,105882,31.6
Sarsod,Haryana,G.P,"4,630",,845,24,28,HIGH,15,152,0.280742356,3912,6,303118,31.6182944
Bhaiseena,Rajasthan,G.P,"3,200",,869,24,34,LOW,17,167,0.092957128,2781,4,1475311,31.6182944
Dwarahat,Uttarakhand,N.P,"2,749",,836,25,12,HIGH,18,146,0.186739022,2298,8,105882,31.6
Badrinath,Uttarakhand,N.P,"2,438",,848,29,12,LOW,19,190,0.432990848,2067,4,105882,31.6
Dogadda,Uttarakhand,N.P.P,"2,422",,840,26,11,HIGH,11,146,0.0304205,2034,4,105882,31.6182944
Devprayag,Uttarakhand,N.P,"2,152",,840,29,7,MEDIUM,14,124,0.503070006,1808,8,105882,31.6
Nandaprayag,Uttarakhand,N.P,"1,641",,848,27,7,MEDIUM,12,181,0.316926021,1392,4,105882,31.6
Kirtinagar,Uttarakhand,N.P,"1,517",,852,28,12,HIGH,16,198,0.336852491,1292,6,105882,31.6
Kedarnath,Uttarakhand,N.P,612,,853,24,9,LOW,19,189,0.723253281,522,6,105882,31.6
Gangotri,Uttarakhand,N.P,110,,852,27,8,MEDIUM,18,170,0.421060709,94,8,105882,31.6
Kumarganj,Uttar Pradesh,C.T,,,863,24,35,HIGH,19,149,0.154374968,0,6,3104060,31.6182944
